{"cameraMode":{"drawMode":0,"name":"Shaded","section":"Shading Mode"},"sceneLighting":false,"audioPlay":false,"sceneViewState":{"m_AlwaysRefresh":false,"showFog":true,"showSkybox":false,"showFlares":true,"showImageEffects":true,"showParticleSystems":true,"showVisualEffectGraphs":true,"m_FxEnabled":true},"in2DMode":false,"pivot":{"x":34.470001220703128,"y":1.2509822845458985,"z":31.560935974121095},"rotation":{"x":-0.22938457131385804,"y":-0.4704824686050415,"z":0.12804725766181947,"w":-0.8424586057662964},"size":15.606199264526368,"orthographic":false}