{"cameraMode":{"drawMode":0,"name":"Shaded","section":"Shading Mode"},"sceneLighting":true,"audioPlay":false,"sceneViewState":{"m_AlwaysRefresh":false,"showFog":true,"showSkybox":true,"showFlares":true,"showImageEffects":true,"showParticleSystems":true,"showVisualEffectGraphs":true,"m_FxEnabled":true},"in2DMode":false,"pivot":{"x":72.65940856933594,"y":43.315364837646487,"z":-29.81916618347168},"rotation":{"x":-0.2609799802303314,"y":-0.11005144566297531,"z":0.029957633465528489,"w":-0.9585957527160645},"size":31.973146438598634,"orthographic":false}