{"cameraMode":{"drawMode":0,"name":"Shaded","section":"Shading Mode"},"sceneLighting":true,"audioPlay":false,"sceneViewState":{"m_AlwaysRefresh":false,"showFog":true,"showSkybox":true,"showFlares":true,"showImageEffects":true,"showParticleSystems":true,"showVisualEffectGraphs":true,"m_FxEnabled":true},"in2DMode":false,"pivot":{"x":43.381202697753909,"y":1.5473694801330567,"z":37.39472579956055},"rotation":{"x":0.2896440625190735,"y":0.3022461533546448,"z":-0.09694994986057282,"w":0.9029756784439087},"size":0.1681382656097412,"orthographic":false}