{"cameraMode":{"drawMode":0,"name":"Shaded","section":"Shading Mode"},"sceneLighting":true,"audioPlay":false,"sceneViewState":{"m_AlwaysRefresh":false,"showFog":true,"showSkybox":true,"showFlares":true,"showImageEffects":true,"showParticleSystems":true,"showVisualEffectGraphs":true,"m_FxEnabled":true},"in2DMode":false,"pivot":{"x":133.3882598876953,"y":0.5396074652671814,"z":29.090587615966798},"rotation":{"x":-0.2609799802303314,"y":-0.11005144566297531,"z":0.029957633465528489,"w":-0.9585957527160645},"size":2.471204996109009,"orthographic":false}