{"cameraMode":{"drawMode":0,"name":"Shaded","section":"Shading Mode"},"sceneLighting":true,"audioPlay":false,"sceneViewState":{"m_AlwaysRefresh":false,"showFog":true,"showSkybox":true,"showFlares":true,"showImageEffects":true,"showParticleSystems":true,"showVisualEffectGraphs":true,"m_FxEnabled":true},"in2DMode":false,"pivot":{"x":101.45956420898438,"y":-114.33345031738281,"z":152.14266967773438},"rotation":{"x":0.5551963448524475,"y":-0.0009981220355257393,"z":0.000666737905703485,"w":0.8317216038703919},"size":141.5810089111328,"orthographic":false}